Código;Descrição;Desconto;Quem;Válido até;Obs
PRIMEIRACOMPRA;1ª compra no site;15%;Marketing;31/12/2026;
BEMVINDO10;boas vindas newsletter;10%;marketing;;
CAFE20;campanha relâmpago;20%;Marketing;30/06;renovado? confirmar c/ Renata
cafe20;;20%;;;duplicado?
FRETEGRATIS;frete grátis;frete;Marketing;;
BIA10;Influ @cafecombia;10%;Bia (influ);;paga R$ 2.500/mês + 5% das vendas
DUDA15;Influ Duda Barista;15 %;Duda;31/08/2026;contrato R$ 4.000/mês (desde maio)
INDIQUE15;indique e ganhe;15%;clientes;;
BLACKCAFE;black friday 2025;R$ 25;Marketing;30/11/2025;acho q não usa mais
