Início dos relatórios;Nome da campanha;Valor usado (BRL);Impressões;Cliques no link;Compras
01/01/2026;META_PROSPECCAO_BLENDS;75,94;6412;104;4
01/01/2026;META_REMARKETING;52,66;4713;47;1
02/01/2026;META_PROSPECCAO_BLENDS;116,70;10251;131;4
02/01/2026;META_REMARKETING;54,09;4205;58;2
03/01/2026;META_PROSPECCAO_BLENDS;110,97;8400;88;2
03/01/2026;META_REMARKETING;37,17;2625;35;1
04/01/2026;META_PROSPECCAO_BLENDS;61,35;4460;52;2
04/01/2026;META_REMARKETING;35,27;2918;33;0
05/01/2026;META_PROSPECCAO_BLENDS;74,42;4869;52;1
05/01/2026;META_REMARKETING;37,00;3190;52;1
06/01/2026;META_PROSPECCAO_BLENDS;131,46;10940;97;1
06/01/2026;META_REMARKETING;25,14;2070;27;0
07/01/2026;META_PROSPECCAO_BLENDS;128,38;10858;173;7
07/01/2026;META_REMARKETING;26,30;2080;20;0
08/01/2026;META_PROSPECCAO_BLENDS;94,52;8180;135;3
08/01/2026;META_REMARKETING;33,89;2079;36;0
09/01/2026;META_PROSPECCAO_BLENDS;79,46;4990;55;2
09/01/2026;META_REMARKETING;28,80;1724;17;0
10/01/2026;META_PROSPECCAO_BLENDS;65,38;4713;55;2
10/01/2026;META_REMARKETING;26,41;1729;28;1
11/01/2026;META_PROSPECCAO_BLENDS;98,59;6334;91;1
11/01/2026;META_REMARKETING;48,86;3956;48;1
12/01/2026;META_PROSPECCAO_BLENDS;61,04;3481;39;1
12/01/2026;META_REMARKETING;27,00;1685;21;0
13/01/2026;META_PROSPECCAO_BLENDS;80,35;5861;81;3
13/01/2026;META_REMARKETING;45,83;3822;45;1
14/01/2026;META_PROSPECCAO_BLENDS;82,33;4789;79;3
14/01/2026;META_REMARKETING;27,22;2307;32;1
15/01/2026;META_PROSPECCAO_BLENDS;69,77;4958;41;1
15/01/2026;META_REMARKETING;38,32;3082;29;1
16/01/2026;META_PROSPECCAO_BLENDS;85,43;5354;85;1
16/01/2026;META_REMARKETING;34,78;2150;20;0
17/01/2026;META_PROSPECCAO_BLENDS;59,18;5295;81;2
17/01/2026;META_REMARKETING;50,83;4019;42;0
18/01/2026;META_PROSPECCAO_BLENDS;114,07;7829;108;5
18/01/2026;META_REMARKETING;30,61;2219;23;0
19/01/2026;META_PROSPECCAO_BLENDS;129,75;9797;151;1
19/01/2026;META_REMARKETING;54,11;4323;68;1
20/01/2026;META_PROSPECCAO_BLENDS;57,80;4160;41;1
20/01/2026;META_REMARKETING;29,25;2257;34;1
21/01/2026;META_PROSPECCAO_BLENDS;108,54;6196;84;3
21/01/2026;META_REMARKETING;39,83;3382;38;0
22/01/2026;META_PROSPECCAO_BLENDS;103,16;8406;120;5
22/01/2026;META_REMARKETING;32,74;2610;37;1
23/01/2026;META_PROSPECCAO_BLENDS;67,56;5057;87;4
23/01/2026;META_REMARKETING;45,82;3501;51;1
24/01/2026;META_PROSPECCAO_BLENDS;99,23;5671;48;0
24/01/2026;META_REMARKETING;52,94;3649;52;1
25/01/2026;META_PROSPECCAO_BLENDS;69,68;5266;65;1
25/01/2026;META_REMARKETING;53,08;4049;50;0
26/01/2026;META_PROSPECCAO_BLENDS;89,97;7748;103;2
26/01/2026;META_REMARKETING;48,43;3736;66;3
27/01/2026;META_PROSPECCAO_BLENDS;92,16;8173;142;6
27/01/2026;META_REMARKETING;34,90;3011;53;1
28/01/2026;META_PROSPECCAO_BLENDS;71,73;4602;62;0
28/01/2026;META_REMARKETING;35,76;2125;29;0
29/01/2026;META_PROSPECCAO_BLENDS;78,46;6751;86;3
29/01/2026;META_REMARKETING;39,98;3036;24;0
30/01/2026;META_PROSPECCAO_BLENDS;130,14;8995;122;3
30/01/2026;META_REMARKETING;27,29;2133;19;0
31/01/2026;META_PROSPECCAO_BLENDS;99,57;7338;74;1
31/01/2026;META_REMARKETING;43,20;3421;59;0
01/02/2026;META_PROSPECCAO_BLENDS;102,14;7184;96;3
01/02/2026;META_REMARKETING;49,38;3315;27;1
02/02/2026;META_PROSPECCAO_BLENDS;83,22;6459;72;1
02/02/2026;META_REMARKETING;30,04;2548;20;0
03/02/2026;META_PROSPECCAO_BLENDS;59,80;4734;84;0
03/02/2026;META_REMARKETING;51,20;3305;30;0
04/02/2026;META_PROSPECCAO_BLENDS;113,91;6301;89;1
04/02/2026;META_REMARKETING;25,70;1886;23;0
05/02/2026;META_PROSPECCAO_BLENDS;102,17;8487;126;2
05/02/2026;META_REMARKETING;43,76;2837;35;0
06/02/2026;META_PROSPECCAO_BLENDS;116,23;10377;125;5
06/02/2026;META_REMARKETING;35,47;1994;23;1
07/02/2026;META_PROSPECCAO_BLENDS;86,61;6671;87;3
07/02/2026;META_REMARKETING;31,37;2513;27;0
08/02/2026;META_PROSPECCAO_BLENDS;92,84;6457;53;1
08/02/2026;META_REMARKETING;25,08;1652;20;0
09/02/2026;META_PROSPECCAO_BLENDS;101,95;7472;104;4
09/02/2026;META_REMARKETING;41,08;2416;31;0
10/02/2026;META_PROSPECCAO_BLENDS;63,20;4218;54;1
10/02/2026;META_REMARKETING;26,00;1721;14;0
11/02/2026;META_PROSPECCAO_BLENDS;113,36;6668;62;3
11/02/2026;META_REMARKETING;28,68;2292;22;0
12/02/2026;META_PROSPECCAO_BLENDS;59,62;4594;40;1
12/02/2026;META_REMARKETING;51,71;4321;48;1
13/02/2026;META_PROSPECCAO_BLENDS;102,16;8455;72;0
13/02/2026;META_REMARKETING;52,51;4396;76;1
14/02/2026;META_PROSPECCAO_BLENDS;77,44;4406;39;1
14/02/2026;META_REMARKETING;27,78;1743;31;0
15/02/2026;META_PROSPECCAO_BLENDS;112,03;8070;139;4
15/02/2026;META_REMARKETING;41,31;2800;43;1
16/02/2026;META_PROSPECCAO_BLENDS;114,58;8661;144;1
16/02/2026;META_REMARKETING;51,57;3118;52;2
17/02/2026;META_PROSPECCAO_BLENDS;95,87;7989;89;1
17/02/2026;META_REMARKETING;40,33;3040;42;1
18/02/2026;META_PROSPECCAO_BLENDS;95,64;5401;58;2
18/02/2026;META_REMARKETING;53,32;4044;58;0
19/02/2026;META_PROSPECCAO_BLENDS;132,58;7308;59;2
19/02/2026;META_REMARKETING;35,08;2069;28;0
20/02/2026;META_PROSPECCAO_BLENDS;57,66;4080;63;1
20/02/2026;META_REMARKETING;43,04;3832;68;2
21/02/2026;META_PROSPECCAO_BLENDS;95,52;8123;72;3
21/02/2026;META_REMARKETING;37,96;3057;41;1
22/02/2026;META_PROSPECCAO_BLENDS;78,56;5327;61;2
22/02/2026;META_REMARKETING;33,07;2896;42;0
23/02/2026;META_PROSPECCAO_BLENDS;67,17;4325;47;1
23/02/2026;META_REMARKETING;39,72;3439;47;1
24/02/2026;META_PROSPECCAO_BLENDS;110,59;6722;116;3
24/02/2026;META_REMARKETING;53,09;3451;32;0
25/02/2026;META_PROSPECCAO_BLENDS;105,64;7901;86;3
25/02/2026;META_REMARKETING;34,25;3056;49;0
26/02/2026;META_PROSPECCAO_BLENDS;105,42;7902;78;3
26/02/2026;META_REMARKETING;38,33;2852;36;0
27/02/2026;META_PROSPECCAO_BLENDS;77,92;4583;81;3
27/02/2026;META_REMARKETING;51,28;3157;56;1
28/02/2026;META_PROSPECCAO_BLENDS;121,78;10719;170;3
28/02/2026;META_REMARKETING;42,88;2396;19;0
01/03/2026;META_PROSPECCAO_BLENDS;101,71;7329;97;2
01/03/2026;META_REMARKETING;52,97;3818;36;1
02/03/2026;META_PROSPECCAO_BLENDS;68,81;4679;81;2
02/03/2026;META_REMARKETING;31,66;1763;28;1
03/03/2026;META_PROSPECCAO_BLENDS;87,00;6080;75;0
03/03/2026;META_REMARKETING;49,21;3410;36;0
04/03/2026;META_PROSPECCAO_BLENDS;74,84;6003;48;1
04/03/2026;META_REMARKETING;43,62;2505;41;1
05/03/2026;META_PROSPECCAO_BLENDS;112,82;9207;145;2
05/03/2026;META_REMARKETING;37,16;3271;41;1
06/03/2026;META_PROSPECCAO_BLENDS;120,64;6986;66;2
06/03/2026;META_REMARKETING;49,33;3825;49;2
07/03/2026;META_PROSPECCAO_BLENDS;85,78;5195;73;3
07/03/2026;META_REMARKETING;26,06;2231;37;0
08/03/2026;META_PROSPECCAO_BLENDS;69,49;4765;74;1
08/03/2026;META_REMARKETING;37,09;2603;21;0
09/03/2026;META_PROSPECCAO_BLENDS;66,12;5085;80;3
09/03/2026;META_REMARKETING;27,27;2219;34;1
10/03/2026;META_PROSPECCAO_BLENDS;99,07;7553;100;4
10/03/2026;META_REMARKETING;31,16;2496;23;0
11/03/2026;META_PROSPECCAO_BLENDS;80,24;7025;93;1
11/03/2026;META_REMARKETING;47,73;2754;48;1
12/03/2026;META_PROSPECCAO_BLENDS;81,46;6735;68;3
12/03/2026;META_REMARKETING;38,47;2242;24;1
13/03/2026;META_PROSPECCAO_BLENDS;60,12;3382;47;1
13/03/2026;META_REMARKETING;28,64;1872;29;1
14/03/2026;META_PROSPECCAO_BLENDS;114,99;10136;129;2
14/03/2026;META_REMARKETING;51,86;4462;45;2
15/03/2026;META_PROSPECCAO_BLENDS;118,37;8041;72;2
15/03/2026;META_REMARKETING;47,06;2726;30;1
16/03/2026;META_PROSPECCAO_BLENDS;114,55;10192;169;1
16/03/2026;META_REMARKETING;52,09;4512;47;1
17/03/2026;META_PROSPECCAO_BLENDS;124,62;10050;120;2
17/03/2026;META_REMARKETING;32,25;2068;35;0
18/03/2026;META_PROSPECCAO_BLENDS;68,29;5470;90;2
18/03/2026;META_REMARKETING;33,87;3011;35;1
19/03/2026;META_PROSPECCAO_BLENDS;64,26;5288;51;0
19/03/2026;META_REMARKETING;38,41;2359;35;0
20/03/2026;META_PROSPECCAO_BLENDS;87,17;7752;115;4
20/03/2026;META_REMARKETING;30,14;2586;26;0
21/03/2026;META_PROSPECCAO_BLENDS;57,15;3963;41;1
21/03/2026;META_REMARKETING;25,35;1985;32;1
22/03/2026;META_PROSPECCAO_BLENDS;63,25;5162;50;0
22/03/2026;META_REMARKETING;34,57;2111;23;0
23/03/2026;META_PROSPECCAO_BLENDS;110,80;8563;101;1
23/03/2026;META_REMARKETING;25,26;1670;28;1
24/03/2026;META_PROSPECCAO_BLENDS;98,22;8644;111;2
24/03/2026;META_REMARKETING;34,18;2720;44;1
25/03/2026;META_PROSPECCAO_BLENDS;78,54;6166;58;1
25/03/2026;META_REMARKETING;46,53;3652;51;1
26/03/2026;META_PROSPECCAO_BLENDS;75,43;6364;96;1
26/03/2026;META_REMARKETING;42,14;2981;51;1
27/03/2026;META_PROSPECCAO_BLENDS;89,75;4980;48;1
27/03/2026;META_REMARKETING;47,75;3448;37;1
28/03/2026;META_PROSPECCAO_BLENDS;78,39;6720;109;2
28/03/2026;META_REMARKETING;42,55;3701;63;1
29/03/2026;META_PROSPECCAO_BLENDS;88,14;7267;95;3
29/03/2026;META_REMARKETING;23,56;1358;15;0
30/03/2026;META_PROSPECCAO_BLENDS;129,80;10682;130;4
30/03/2026;META_REMARKETING;29,47;2026;33;1
31/03/2026;META_PROSPECCAO_BLENDS;103,09;6812;60;2
31/03/2026;META_REMARKETING;53,88;3084;50;1
01/04/2026;META_PROSPECCAO_BLENDS;292,17;23351;355;15
01/04/2026;META_REMARKETING;34,90;2771;39;1
02/04/2026;META_PROSPECCAO_BLENDS;278,35;16351;130;2
02/04/2026;META_REMARKETING;47,56;3471;49;1
03/04/2026;META_PROSPECCAO_BLENDS;238,15;20893;214;8
03/04/2026;META_REMARKETING;46,95;3379;46;1
04/04/2026;META_PROSPECCAO_BLENDS;258,47;14399;129;6
04/04/2026;META_REMARKETING;51,84;3164;28;0
05/04/2026;META_PROSPECCAO_BLENDS;338,25;19780;289;13
05/04/2026;META_REMARKETING;51,76;3284;35;0
06/04/2026;META_PROSPECCAO_BLENDS;322,47;20792;227;9
06/04/2026;META_REMARKETING;51,05;4160;68;2
07/04/2026;META_PROSPECCAO_BLENDS;293,45;25999;291;7
07/04/2026;META_REMARKETING;47,82;4169;66;2
08/04/2026;META_PROSPECCAO_BLENDS;301,84;20330;182;3
08/04/2026;META_REMARKETING;29,36;1975;16;0
09/04/2026;META_PROSPECCAO_BLENDS;303,80;26458;269;8
09/04/2026;META_REMARKETING;41,85;3677;42;1
10/04/2026;META_PROSPECCAO_BLENDS;266,96;19201;284;11
10/04/2026;META_REMARKETING;35,45;2158;35;1
11/04/2026;META_PROSPECCAO_BLENDS;219,40;19260;203;6
11/04/2026;META_REMARKETING;33,11;2762;47;0
12/04/2026;META_PROSPECCAO_BLENDS;306,67;21264;177;7
12/04/2026;META_REMARKETING;26,05;2320;37;0
13/04/2026;META_PROSPECCAO_BLENDS;228,61;13726;166;7
13/04/2026;META_REMARKETING;26,12;2210;34;0
14/04/2026;META_PROSPECCAO_BLENDS;286,71;18507;169;7
14/04/2026;META_REMARKETING;39,15;2881;46;1
15/04/2026;META_PROSPECCAO_BLENDS;200,33;14232;123;1
15/04/2026;META_REMARKETING;46,14;3193;25;0
16/04/2026;META_PROSPECCAO_BLENDS;343,51;22902;291;8
16/04/2026;META_REMARKETING;35,53;2172;23;0
17/04/2026;META_PROSPECCAO_BLENDS;171,16;11612;100;4
17/04/2026;META_REMARKETING;52,12;3099;44;1
18/04/2026;META_PROSPECCAO_BLENDS;343,64;22906;321;10
18/04/2026;META_REMARKETING;27,18;2098;31;0
19/04/2026;META_PROSPECCAO_BLENDS;271,93;18333;250;9
19/04/2026;META_REMARKETING;42,08;3391;36;0
20/04/2026;META_PROSPECCAO_BLENDS;256,26;19038;245;4
20/04/2026;META_REMARKETING;29,95;1724;14;0
21/04/2026;META_PROSPECCAO_BLENDS;289,26;23112;213;6
21/04/2026;META_REMARKETING;46,57;3065;49;1
22/04/2026;META_PROSPECCAO_BLENDS;339,20;27254;414;16
22/04/2026;META_REMARKETING;35,52;2554;36;0
23/04/2026;META_PROSPECCAO_BLENDS;193,36;11650;152;7
23/04/2026;META_REMARKETING;25,84;2077;23;1
24/04/2026;META_PROSPECCAO_BLENDS;169,55;12400;107;1
24/04/2026;META_REMARKETING;31,57;2032;20;0
25/04/2026;META_PROSPECCAO_BLENDS;274,68;19558;338;13
25/04/2026;META_REMARKETING;27,51;2464;27;0
26/04/2026;META_PROSPECCAO_BLENDS;322,50;27927;467;6
26/04/2026;META_REMARKETING;44,69;2512;32;1
27/04/2026;META_PROSPECCAO_BLENDS;335,74;28794;472;10
27/04/2026;META_REMARKETING;53,18;4210;59;1
28/04/2026;META_PROSPECCAO_BLENDS;276,10;22281;370;7
28/04/2026;META_REMARKETING;36,18;2431;27;0
29/04/2026;META_PROSPECCAO_BLENDS;246,16;20442;296;5
29/04/2026;META_REMARKETING;31,08;2579;40;1
30/04/2026;META_PROSPECCAO_BLENDS;173,12;12109;208;6
30/04/2026;META_REMARKETING;46,76;3491;53;2
01/05/2026;META_PROSPECCAO_BLENDS;273,38;22893;334;3
01/05/2026;META_REMARKETING;43,06;3083;55;2
02/05/2026;META_PROSPECCAO_BLENDS;219,76;19626;324;5
02/05/2026;META_REMARKETING;40,69;2854;28;0
03/05/2026;META_PROSPECCAO_BLENDS;184,20;14509;123;3
03/05/2026;META_REMARKETING;43,90;2787;30;0
04/05/2026;META_PROSPECCAO_BLENDS;188,17;11533;164;4
04/05/2026;META_REMARKETING;41,46;2499;38;1
05/05/2026;META_PROSPECCAO_BLENDS;173,20;10870;133;2
05/05/2026;META_REMARKETING;33,71;2034;30;0
06/05/2026;META_PROSPECCAO_BLENDS;231,79;19318;248;8
06/05/2026;META_REMARKETING;49,66;3624;32;1
07/05/2026;META_PROSPECCAO_BLENDS;191,29;15653;193;8
07/05/2026;META_REMARKETING;45,58;2710;46;1
08/05/2026;META_PROSPECCAO_BLENDS;656,67;45929;457;4
08/05/2026;META_REMARKETING;61,16;4471;51;1
09/05/2026;META_PROSPECCAO_BLENDS;636,56;50553;544;17
09/05/2026;META_REMARKETING;75,99;5123;92;3
10/05/2026;META_PROSPECCAO_BLENDS;553,01;31757;268;12
10/05/2026;META_REMARKETING;91,55;5382;75;1
11/05/2026;META_PROSPECCAO_BLENDS;576,90;36301;425;8
11/05/2026;META_REMARKETING;67,11;5727;64;2
12/05/2026;META_PROSPECCAO_BLENDS;182,98;13311;152;2
12/05/2026;META_REMARKETING;40,19;3098;25;0
13/05/2026;META_PROSPECCAO_BLENDS;201,41;17347;235;8
13/05/2026;META_REMARKETING;26,71;1542;22;0
14/05/2026;META_PROSPECCAO_BLENDS;159,76;9054;133;2
14/05/2026;META_REMARKETING;42,58;3317;47;2
15/05/2026;META_PROSPECCAO_BLENDS;191,28;14497;216;2
15/05/2026;META_REMARKETING;29,44;1735;20;0
16/05/2026;META_PROSPECCAO_BLENDS;225,67;19968;336;3
16/05/2026;META_REMARKETING;27,36;1757;14;0
17/05/2026;META_PROSPECCAO_BLENDS;265,26;19398;260;5
17/05/2026;META_REMARKETING;54,00;3522;32;1
18/05/2026;META_PROSPECCAO_BLENDS;311,62;18379;168;2
18/05/2026;META_REMARKETING;29,55;1815;26;1
19/05/2026;META_PROSPECCAO_BLENDS;166,02;14719;211;9
19/05/2026;META_REMARKETING;29,12;2090;24;0
20/05/2026;META_PROSPECCAO_BLENDS;219,17;16425;161;8
20/05/2026;META_REMARKETING;31,15;1882;33;0
21/05/2026;META_PROSPECCAO_BLENDS;210,91;17637;263;7
21/05/2026;META_REMARKETING;41,21;2947;28;1
22/05/2026;META_PROSPECCAO_BLENDS;183,28;15007;201;5
22/05/2026;META_REMARKETING;26,70;2328;26;0
23/05/2026;META_PROSPECCAO_BLENDS;281,13;23223;305;8
23/05/2026;META_REMARKETING;28,48;1991;21;0
24/05/2026;META_PROSPECCAO_BLENDS;173,55;15541;252;4
24/05/2026;META_REMARKETING;36,89;2607;22;0
25/05/2026;META_PROSPECCAO_BLENDS;257,80;22293;245;8
25/05/2026;META_REMARKETING;36,80;2880;38;0
26/05/2026;META_PROSPECCAO_BLENDS;184,45;15308;250;8
26/05/2026;META_REMARKETING;42,10;2334;36;1
27/05/2026;META_PROSPECCAO_BLENDS;271,67;17388;195;2
27/05/2026;META_REMARKETING;34,86;2380;22;0
28/05/2026;META_PROSPECCAO_BLENDS;214,82;16236;286;9
28/05/2026;META_REMARKETING;27,01;2141;20;0
29/05/2026;META_PROSPECCAO_BLENDS;249,15;20128;309;10
29/05/2026;META_REMARKETING;34,00;2619;40;1
30/05/2026;META_PROSPECCAO_BLENDS;257,87;18817;294;9
30/05/2026;META_REMARKETING;37,48;3146;32;0
31/05/2026;META_PROSPECCAO_BLENDS;343,76;23545;268;11
31/05/2026;META_REMARKETING;38,81;2719;47;0
01/06/2026;META_PROSPECCAO_BLENDS;284,77;16676;213;8
01/06/2026;META_REMARKETING;27,19;1808;30;1
01/06/2026;META_ASSINATURA_LEAD;68,62;4652;69;3
02/06/2026;META_PROSPECCAO_BLENDS;288,05;20932;265;12
02/06/2026;META_REMARKETING;50,48;3759;67;3
02/06/2026;META_ASSINATURA_LEAD;63,57;3591;33;1
03/06/2026;META_PROSPECCAO_BLENDS;240,78;19172;205;7
03/06/2026;META_REMARKETING;34,35;2219;25;0
03/06/2026;META_ASSINATURA_LEAD;76,48;6505;112;4
04/06/2026;META_PROSPECCAO_BLENDS;160,67;11324;107;3
04/06/2026;META_REMARKETING;33,79;2329;39;1
04/06/2026;META_ASSINATURA_LEAD;63,61;5380;75;1
05/06/2026;META_PROSPECCAO_BLENDS;309,59;19592;159;5
05/06/2026;META_REMARKETING;31,80;2117;36;1
05/06/2026;META_ASSINATURA_LEAD;41,26;3295;54;2
06/06/2026;META_PROSPECCAO_BLENDS;153,30;13756;206;2
06/06/2026;META_REMARKETING;39,02;3080;44;1
06/06/2026;META_ASSINATURA_LEAD;42,80;3785;65;1
07/06/2026;META_PROSPECCAO_BLENDS;250,51;18393;286;13
07/06/2026;META_REMARKETING;47,55;3880;40;1
07/06/2026;META_ASSINATURA_LEAD;63,26;3590;50;2
08/06/2026;META_PROSPECCAO_BLENDS;245,16;19625;297;12
08/06/2026;META_REMARKETING;34,02;2982;37;0
08/06/2026;META_ASSINATURA_LEAD;37,04;2899;41;1
09/06/2026;META_PROSPECCAO_BLENDS;321,25;24695;372;12
09/06/2026;META_REMARKETING;49,77;3473;56;1
09/06/2026;META_ASSINATURA_LEAD;50,56;3660;33;0
10/06/2026;META_PROSPECCAO_BLENDS;335,79;30210;336;3
10/06/2026;META_REMARKETING;42,79;3775;61;2
10/06/2026;META_ASSINATURA_LEAD;63,73;3593;51;1
11/06/2026;META_PROSPECCAO_BLENDS;342,09;25728;223;7
11/06/2026;META_REMARKETING;46,13;3687;38;0
11/06/2026;META_ASSINATURA_LEAD;54,97;3587;50;0
12/06/2026;META_PROSPECCAO_BLENDS;335,52;21661;305;11
12/06/2026;META_REMARKETING;33,20;2813;42;0
12/06/2026;META_ASSINATURA_LEAD;58,11;4926;87;1
13/06/2026;META_PROSPECCAO_BLENDS;212,42;12505;122;4
13/06/2026;META_REMARKETING;47,94;3099;25;0
13/06/2026;META_ASSINATURA_LEAD;43,57;3398;42;0
14/06/2026;META_PROSPECCAO_BLENDS;343,56;25478;402;19
14/06/2026;META_REMARKETING;49,70;3416;41;1
14/06/2026;META_ASSINATURA_LEAD;43,32;3024;30;0
15/06/2026;META_PROSPECCAO_BLENDS;156,16;11193;190;5
15/06/2026;META_REMARKETING;49,38;4207;40;1
15/06/2026;META_ASSINATURA_LEAD;59,48;4332;54;2
16/06/2026;META_PROSPECCAO_BLENDS;199,01;13158;174;8
16/06/2026;META_REMARKETING;46,40;3834;35;0
16/06/2026;META_ASSINATURA_LEAD;39,12;2481;26;1
17/06/2026;META_PROSPECCAO_BLENDS;205,80;12655;110;3
17/06/2026;META_REMARKETING;32,40;1893;31;0
17/06/2026;META_ASSINATURA_LEAD;60,44;3421;60;0
18/06/2026;META_PROSPECCAO_BLENDS;295,31;17831;149;2
18/06/2026;META_REMARKETING;47,73;3100;30;0
18/06/2026;META_ASSINATURA_LEAD;78,52;5425;73;1
19/06/2026;META_PROSPECCAO_BLENDS;151,73;12856;223;3
19/06/2026;META_REMARKETING;41,54;2457;40;1
19/06/2026;META_ASSINATURA_LEAD;62,23;5062;48;2
20/06/2026;META_PROSPECCAO_BLENDS;316,79;26522;429;13
20/06/2026;META_REMARKETING;27,73;2355;33;0
20/06/2026;META_ASSINATURA_LEAD;37,74;2361;37;1
21/06/2026;META_PROSPECCAO_BLENDS;303,18;26306;419;5
21/06/2026;META_REMARKETING;25,01;2145;19;0
21/06/2026;META_ASSINATURA_LEAD;65,97;4589;46;1
22/06/2026;META_PROSPECCAO_BLENDS;199,59;12451;218;3
22/06/2026;META_REMARKETING;26,84;1827;24;1
22/06/2026;META_ASSINATURA_LEAD;61,80;3633;51;0
23/06/2026;META_PROSPECCAO_BLENDS;156,80;13768;245;2
23/06/2026;META_REMARKETING;44,78;2696;33;0
23/06/2026;META_ASSINATURA_LEAD;46,02;2643;38;0
24/06/2026;META_PROSPECCAO_BLENDS;159,39;10442;136;1
24/06/2026;META_REMARKETING;51,38;4417;51;1
24/06/2026;META_ASSINATURA_LEAD;68,16;3834;59;2
25/06/2026;META_PROSPECCAO_BLENDS;336,35;22760;324;10
25/06/2026;META_REMARKETING;49,41;3176;29;0
25/06/2026;META_ASSINATURA_LEAD;51,03;3654;56;1
26/06/2026;META_PROSPECCAO_BLENDS;308,67;19674;211;7
26/06/2026;META_REMARKETING;43,85;2645;36;0
26/06/2026;META_ASSINATURA_LEAD;58,94;4007;70;2
27/06/2026;META_PROSPECCAO_BLENDS;191,68;10984;120;4
27/06/2026;META_REMARKETING;54,55;3008;27;1
27/06/2026;META_ASSINATURA_LEAD;70,44;4193;72;1
28/06/2026;META_PROSPECCAO_BLENDS;176,21;14889;267;9
28/06/2026;META_REMARKETING;31,00;1726;16;0
28/06/2026;META_ASSINATURA_LEAD;34,72;2939;36;1
29/06/2026;META_PROSPECCAO_BLENDS;293,30;23454;196;7
29/06/2026;META_REMARKETING;46,68;3683;56;2
29/06/2026;META_ASSINATURA_LEAD;46,41;2667;23;0
30/06/2026;META_PROSPECCAO_BLENDS;240,42;19281;326;16
30/06/2026;META_REMARKETING;45,79;3387;60;1
30/06/2026;META_ASSINATURA_LEAD;52,88;3197;41;1
01/07/2026;META_PROSPECCAO_BLENDS;265,56;19359;191;5
01/07/2026;META_REMARKETING;47,40;2924;41;1
01/07/2026;META_ASSINATURA_LEAD;54,14;3628;37;0
02/07/2026;META_PROSPECCAO_BLENDS;266,75;20305;166;6
02/07/2026;META_REMARKETING;28,22;1616;21;0
02/07/2026;META_ASSINATURA_LEAD;61,11;5397;84;3
03/07/2026;META_PROSPECCAO_BLENDS;200,05;12855;225;5
03/07/2026;META_REMARKETING;27,61;2130;28;0
03/07/2026;META_ASSINATURA_LEAD;50,53;3133;31;0
04/07/2026;META_PROSPECCAO_BLENDS;224,27;14056;161;5
04/07/2026;META_REMARKETING;40,99;2806;48;0
04/07/2026;META_ASSINATURA_LEAD;51,19;3327;57;2
05/07/2026;META_PROSPECCAO_BLENDS;220,84;14421;204;7
05/07/2026;META_REMARKETING;33,81;2475;37;0
05/07/2026;META_ASSINATURA_LEAD;66,13;3651;35;0
06/07/2026;META_PROSPECCAO_BLENDS;188,91;14202;137;6
06/07/2026;META_REMARKETING;36,21;2238;28;1
06/07/2026;META_ASSINATURA_LEAD;73,06;5995;96;1
07/07/2026;META_PROSPECCAO_BLENDS;251,74;19770;292;6
07/07/2026;META_REMARKETING;42,52;3348;47;1
07/07/2026;META_ASSINATURA_LEAD;79,63;5701;68;2
08/07/2026;META_PROSPECCAO_BLENDS;165,59;11864;96;2
08/07/2026;META_REMARKETING;25,59;1493;12;0
08/07/2026;META_ASSINATURA_LEAD;47,80;4133;53;1
09/07/2026;META_PROSPECCAO_BLENDS;280,00;19435;272;10
09/07/2026;META_REMARKETING;40,51;2704;45;0
09/07/2026;META_ASSINATURA_LEAD;65,74;3751;53;0
10/07/2026;META_PROSPECCAO_BLENDS;209,22;16830;180;6
10/07/2026;META_REMARKETING;48,85;3400;34;0
10/07/2026;META_ASSINATURA_LEAD;37,01;2593;27;1
11/07/2026;META_PROSPECCAO_BLENDS;193,60;12062;189;3
11/07/2026;META_REMARKETING;25,77;2294;30;0
11/07/2026;META_ASSINATURA_LEAD;58,70;4469;58;1
12/07/2026;META_PROSPECCAO_BLENDS;255,37;18419;267;8
12/07/2026;META_REMARKETING;29,68;2523;26;0
12/07/2026;META_ASSINATURA_LEAD;73,80;5025;78;1
13/07/2026;META_PROSPECCAO_BLENDS;321,36;22375;381;18
13/07/2026;META_REMARKETING;40,91;3535;52;2
13/07/2026;META_ASSINATURA_LEAD;68,87;5327;57;2
14/07/2026;META_PROSPECCAO_BLENDS;208,29;11590;186;2
14/07/2026;META_REMARKETING;46,41;4016;55;0
14/07/2026;META_ASSINATURA_LEAD;56,64;4241;45;2
15/07/2026;META_PROSPECCAO_BLENDS;315,80;28235;265;11
15/07/2026;META_REMARKETING;49,17;2820;35;1
15/07/2026;META_ASSINATURA_LEAD;38,31;2726;48;2
16/07/2026;META_PROSPECCAO_BLENDS;217,35;16837;297;7
16/07/2026;META_REMARKETING;47,95;3039;24;0
16/07/2026;META_ASSINATURA_LEAD;72,36;6008;89;3
17/07/2026;META_PROSPECCAO_BLENDS;323,14;24176;399;10
17/07/2026;META_REMARKETING;43,61;2869;29;1
17/07/2026;META_ASSINATURA_LEAD;74,00;4151;46;0
18/07/2026;META_PROSPECCAO_BLENDS;261,45;23136;366;6
18/07/2026;META_REMARKETING;35,14;2972;38;0
18/07/2026;META_ASSINATURA_LEAD;64,93;3906;55;0
19/07/2026;META_PROSPECCAO_BLENDS;226,70;16976;181;3
19/07/2026;META_REMARKETING;43,09;2797;24;0
19/07/2026;META_ASSINATURA_LEAD;62,50;4459;71;1
20/07/2026;META_PROSPECCAO_BLENDS;277,08;20070;342;12
20/07/2026;META_REMARKETING;53,70;4611;51;1
20/07/2026;META_ASSINATURA_LEAD;52,98;4378;35;1
21/07/2026;META_PROSPECCAO_BLENDS;332,43;20309;300;3
21/07/2026;META_REMARKETING;27,87;1724;30;0
21/07/2026;META_ASSINATURA_LEAD;38,15;2146;30;1
22/07/2026;META_PROSPECCAO_BLENDS;292,09;19795;334;6
22/07/2026;META_REMARKETING;33,15;2287;39;1
22/07/2026;META_ASSINATURA_LEAD;67,94;4800;46;0
23/07/2026;META_PROSPECCAO_BLENDS;228,50;17885;211;9
23/07/2026;META_REMARKETING;46,04;3217;48;1
23/07/2026;META_ASSINATURA_LEAD;56,21;3639;53;2
24/07/2026;META_PROSPECCAO_BLENDS;283,65;19924;309;12
24/07/2026;META_REMARKETING;37,42;3097;54;1
24/07/2026;META_ASSINATURA_LEAD;58,04;5162;74;1
25/07/2026;META_PROSPECCAO_BLENDS;334,55;28826;455;21
25/07/2026;META_REMARKETING;50,32;4461;63;1
25/07/2026;META_ASSINATURA_LEAD;58,03;4533;78;1
26/07/2026;META_PROSPECCAO_BLENDS;240,19;14821;169;4
26/07/2026;META_REMARKETING;38,09;2289;32;1
26/07/2026;META_ASSINATURA_LEAD;57,36;3456;41;1
27/07/2026;META_PROSPECCAO_BLENDS;320,21;26658;400;8
27/07/2026;META_REMARKETING;40,23;2744;37;1
27/07/2026;META_ASSINATURA_LEAD;57,32;4422;51;0
28/07/2026;META_PROSPECCAO_BLENDS;183,86;12508;127;2
28/07/2026;META_REMARKETING;25,70;1606;25;0
28/07/2026;META_ASSINATURA_LEAD;79,27;5464;69;1
29/07/2026;META_PROSPECCAO_BLENDS;244,37;14117;243;6
29/07/2026;META_REMARKETING;30,96;2275;35;1
29/07/2026;META_ASSINATURA_LEAD;46,68;2640;41;0
30/07/2026;META_PROSPECCAO_BLENDS;249,37;19204;248;4
30/07/2026;META_REMARKETING;30,52;2687;40;0
30/07/2026;META_ASSINATURA_LEAD;47,63;3631;55;0
31/07/2026;META_PROSPECCAO_BLENDS;231,58;13636;140;3
31/07/2026;META_REMARKETING;40,24;2491;35;0
31/07/2026;META_ASSINATURA_LEAD;70,11;4655;52;1
01/08/2026;META_PROSPECCAO_BLENDS;198,62;12963;211;3
01/08/2026;META_REMARKETING;43,75;3100;33;0
01/08/2026;META_ASSINATURA_LEAD;70,53;4328;45;0
02/08/2026;META_PROSPECCAO_BLENDS;191,23;17018;171;3
02/08/2026;META_REMARKETING;43,17;2528;27;1
02/08/2026;META_ASSINATURA_LEAD;55,95;4832;71;3
03/08/2026;META_PROSPECCAO_BLENDS;270,00;23675;247;11
03/08/2026;META_REMARKETING;39,69;2691;27;0
03/08/2026;META_ASSINATURA_LEAD;50,53;4277;75;2
04/08/2026;META_PROSPECCAO_BLENDS;268,73;17095;263;2
04/08/2026;META_REMARKETING;35,56;2520;36;1
04/08/2026;META_ASSINATURA_LEAD;53,76;3545;43;1
05/08/2026;META_PROSPECCAO_BLENDS;215,44;15899;168;3
05/08/2026;META_REMARKETING;33,65;2267;30;0
05/08/2026;META_ASSINATURA_LEAD;64,31;3681;40;1
06/08/2026;META_PROSPECCAO_BLENDS;230,30;18281;296;13
06/08/2026;META_REMARKETING;39,12;3085;47;1
06/08/2026;META_ASSINATURA_LEAD;37,97;2862;32;0
07/08/2026;META_PROSPECCAO_BLENDS;171,92;9581;84;2
07/08/2026;META_REMARKETING;36,40;2827;37;1
07/08/2026;META_ASSINATURA_LEAD;76,07;5353;70;3
08/08/2026;META_PROSPECCAO_BLENDS;304,38;18212;216;5
08/08/2026;META_REMARKETING;44,29;3925;53;2
08/08/2026;META_ASSINATURA_LEAD;64,69;5288;90;1
09/08/2026;META_PROSPECCAO_BLENDS;310,95;26227;370;12
09/08/2026;META_REMARKETING;31,08;2677;41;0
09/08/2026;META_ASSINATURA_LEAD;76,62;6548;95;2
10/08/2026;META_PROSPECCAO_BLENDS;164,77;13614;195;3
10/08/2026;META_REMARKETING;29,91;1954;20;0
10/08/2026;META_ASSINATURA_LEAD;51,58;4177;52;2
11/08/2026;META_PROSPECCAO_BLENDS;269,73;21565;187;7
11/08/2026;META_REMARKETING;44,78;2939;47;1
11/08/2026;META_ASSINATURA_LEAD;42,85;3473;35;1
12/08/2026;META_PROSPECCAO_BLENDS;206,32;12788;157;3
12/08/2026;META_REMARKETING;25,74;2227;27;0
12/08/2026;META_ASSINATURA_LEAD;74,84;6219;101;4
13/08/2026;META_PROSPECCAO_BLENDS;168,33;13899;114;5
13/08/2026;META_REMARKETING;32,01;2445;19;0
13/08/2026;META_ASSINATURA_LEAD;48,94;3165;27;0
14/08/2026;META_PROSPECCAO_BLENDS;208,54;14782;195;9
14/08/2026;META_REMARKETING;26,72;1752;22;0
14/08/2026;META_ASSINATURA_LEAD;44,04;3335;49;1
15/08/2026;META_PROSPECCAO_BLENDS;238,11;19543;159;6
15/08/2026;META_REMARKETING;37,88;2749;45;0
15/08/2026;META_ASSINATURA_LEAD;42,79;3003;48;1
16/08/2026;META_PROSPECCAO_BLENDS;294,27;21197;336;13
16/08/2026;META_REMARKETING;28,85;2347;39;0
16/08/2026;META_ASSINATURA_LEAD;41,01;2706;47;2
17/08/2026;META_PROSPECCAO_BLENDS;194,26;12442;168;8
17/08/2026;META_REMARKETING;43,06;2918;48;1
17/08/2026;META_ASSINATURA_LEAD;57,48;5111;50;1
18/08/2026;META_PROSPECCAO_BLENDS;173,86;14755;198;5
18/08/2026;META_REMARKETING;35,41;2681;37;0
18/08/2026;META_ASSINATURA_LEAD;59,70;4880;54;2
19/08/2026;META_PROSPECCAO_BLENDS;225,73;19006;320;3
19/08/2026;META_REMARKETING;28,19;2487;38;0
19/08/2026;META_ASSINATURA_LEAD;69,34;4907;79;2
20/08/2026;META_PROSPECCAO_BLENDS;213,19;18958;241;8
20/08/2026;META_REMARKETING;34,94;2907;44;0
20/08/2026;META_ASSINATURA_LEAD;38,88;2511;31;1
21/08/2026;META_PROSPECCAO_BLENDS;337,81;22371;312;12
21/08/2026;META_REMARKETING;41,99;2994;45;0
21/08/2026;META_ASSINATURA_LEAD;77,42;4642;76;1
22/08/2026;META_PROSPECCAO_BLENDS;154,63;11251;175;5
22/08/2026;META_REMARKETING;24,30;1738;29;0
22/08/2026;META_ASSINATURA_LEAD;61,22;4258;37;1
23/08/2026;META_PROSPECCAO_BLENDS;220,68;18907;251;8
23/08/2026;META_REMARKETING;41,81;3585;52;1
23/08/2026;META_ASSINATURA_LEAD;35,31;2412;32;0
24/08/2026;META_PROSPECCAO_BLENDS;266,73;20337;193;9
24/08/2026;META_REMARKETING;33,30;2343;22;0
24/08/2026;META_ASSINATURA_LEAD;46,70;3507;51;2
25/08/2026;META_PROSPECCAO_BLENDS;169,12;11356;168;3
25/08/2026;META_REMARKETING;43,27;3072;32;0
25/08/2026;META_ASSINATURA_LEAD;40,81;3120;50;2
26/08/2026;META_PROSPECCAO_BLENDS;151,73;13219;224;6
26/08/2026;META_REMARKETING;29,74;1867;31;0
26/08/2026;META_ASSINATURA_LEAD;43,25;3796;44;2
27/08/2026;META_PROSPECCAO_BLENDS;180,36;11243;172;5
27/08/2026;META_REMARKETING;33,14;2567;42;0
27/08/2026;META_ASSINATURA_LEAD;57,90;4694;37;1
28/08/2026;META_PROSPECCAO_BLENDS;196,47;14660;166;4
28/08/2026;META_REMARKETING;32,17;2394;21;0
28/08/2026;META_ASSINATURA_LEAD;41,63;2696;35;1
29/08/2026;META_PROSPECCAO_BLENDS;191,54;15754;212;9
29/08/2026;META_REMARKETING;47,50;3823;57;2
29/08/2026;META_ASSINATURA_LEAD;73,35;4678;63;2
30/08/2026;META_PROSPECCAO_BLENDS;310,63;22763;321;7
30/08/2026;META_REMARKETING;39,52;3341;31;1
30/08/2026;META_ASSINATURA_LEAD;57,69;4434;65;1
31/08/2026;META_PROSPECCAO_BLENDS;334,46;23803;282;3
31/08/2026;META_REMARKETING;36,44;2004;25;0
31/08/2026;META_ASSINATURA_LEAD;60,55;5330;54;0
01/09/2026;META_PROSPECCAO_BLENDS;293,01;24821;400;7
01/09/2026;META_REMARKETING;28,97;2494;38;1
01/09/2026;META_ASSINATURA_LEAD;80,07;6587;102;2
02/09/2026;META_PROSPECCAO_BLENDS;266,17;16570;199;5
02/09/2026;META_REMARKETING;27,15;2337;32;1
02/09/2026;META_ASSINATURA_LEAD;59,74;5075;43;0
03/09/2026;META_PROSPECCAO_BLENDS;178,49;10083;167;6
03/09/2026;META_REMARKETING;28,79;1777;20;0
03/09/2026;META_ASSINATURA_LEAD;72,92;4922;65;0
04/09/2026;META_PROSPECCAO_BLENDS;212,11;15102;128;4
04/09/2026;META_REMARKETING;52,39;3370;39;0
04/09/2026;META_ASSINATURA_LEAD;61,00;3619;47;1
05/09/2026;META_PROSPECCAO_BLENDS;323,55;21143;179;4
05/09/2026;META_REMARKETING;23,76;2056;29;0
05/09/2026;META_ASSINATURA_LEAD;38,55;2702;31;0
06/09/2026;META_PROSPECCAO_BLENDS;300,32;22530;255;5
06/09/2026;META_REMARKETING;24,10;2079;21;0
06/09/2026;META_ASSINATURA_LEAD;36,76;3090;28;0
07/09/2026;META_PROSPECCAO_BLENDS;200,66;17614;253;5
07/09/2026;META_REMARKETING;31,29;1764;17;0
07/09/2026;META_ASSINATURA_LEAD;46,36;3029;36;0
08/09/2026;META_PROSPECCAO_BLENDS;195,28;10911;89;2
08/09/2026;META_REMARKETING;53,66;4166;73;3
08/09/2026;META_ASSINATURA_LEAD;69,16;4842;43;1
09/09/2026;META_PROSPECCAO_BLENDS;253,77;14039;145;6
09/09/2026;META_REMARKETING;27,04;1785;14;0
09/09/2026;META_ASSINATURA_LEAD;56,92;4047;53;1
10/09/2026;META_PROSPECCAO_BLENDS;312,06;24718;270;5
10/09/2026;META_REMARKETING;26,33;1557;24;0
10/09/2026;META_ASSINATURA_LEAD;69,47;4428;72;3
11/09/2026;META_PROSPECCAO_BLENDS;277,37;20873;345;16
11/09/2026;META_REMARKETING;24,69;1717;18;0
11/09/2026;META_ASSINATURA_LEAD;46,20;3541;30;0
12/09/2026;META_PROSPECCAO_BLENDS;280,23;20382;262;6
12/09/2026;META_REMARKETING;51,02;3395;57;1
12/09/2026;META_ASSINATURA_LEAD;47,32;3567;52;1
13/09/2026;META_PROSPECCAO_BLENDS;161,22;10589;146;4
13/09/2026;META_REMARKETING;49,14;2746;22;0
13/09/2026;META_ASSINATURA_LEAD;39,54;2221;31;0
14/09/2026;META_PROSPECCAO_BLENDS;292,29;16463;243;4
14/09/2026;META_REMARKETING;30,99;1849;24;0
14/09/2026;META_ASSINATURA_LEAD;38,31;2868;26;0
15/09/2026;META_PROSPECCAO_BLENDS;257,67;18349;299;5
15/09/2026;META_REMARKETING;50,72;4291;52;2
15/09/2026;META_ASSINATURA_LEAD;66,29;3809;63;2
16/09/2026;META_PROSPECCAO_BLENDS;276,65;24266;292;5
16/09/2026;META_REMARKETING;46,11;2537;35;1
16/09/2026;META_ASSINATURA_LEAD;47,99;4008;40;1
17/09/2026;META_PROSPECCAO_BLENDS;211,26;16627;272;6
17/09/2026;META_REMARKETING;28,15;2217;39;0
17/09/2026;META_ASSINATURA_LEAD;68,68;5682;65;1
18/09/2026;META_PROSPECCAO_BLENDS;254,92;17955;250;9
18/09/2026;META_REMARKETING;33,79;2198;34;0
18/09/2026;META_ASSINATURA_LEAD;43,05;3057;49;2
19/09/2026;META_PROSPECCAO_BLENDS;306,03;22823;267;10
19/09/2026;META_REMARKETING;41,78;3315;58;0
19/09/2026;META_ASSINATURA_LEAD;40,13;3305;34;0
20/09/2026;META_PROSPECCAO_BLENDS;205,40;12349;201;9
20/09/2026;META_REMARKETING;23,64;2007;26;0
20/09/2026;META_ASSINATURA_LEAD;60,26;4872;44;1
21/09/2026;META_PROSPECCAO_BLENDS;263,38;21918;386;16
21/09/2026;META_REMARKETING;45,27;3247;34;1
21/09/2026;META_ASSINATURA_LEAD;77,03;5213;65;2
22/09/2026;META_PROSPECCAO_BLENDS;253,12;17513;177;6
22/09/2026;META_REMARKETING;35,48;2216;20;0
22/09/2026;META_ASSINATURA_LEAD;73,67;6059;94;4
23/09/2026;META_PROSPECCAO_BLENDS;337,82;21610;319;9
23/09/2026;META_REMARKETING;37,19;3120;33;0
23/09/2026;META_ASSINATURA_LEAD;61,66;5151;85;4
24/09/2026;META_PROSPECCAO_BLENDS;281,18;21415;347;13
24/09/2026;META_REMARKETING;46,01;3750;47;2
24/09/2026;META_ASSINATURA_LEAD;47,21;3669;42;0
25/09/2026;META_PROSPECCAO_BLENDS;312,98;23980;270;13
25/09/2026;META_REMARKETING;33,51;2012;35;0
25/09/2026;META_ASSINATURA_LEAD;40,26;3313;52;2
26/09/2026;META_PROSPECCAO_BLENDS;241,13;14044;197;4
26/09/2026;META_REMARKETING;51,59;3136;44;1
26/09/2026;META_ASSINATURA_LEAD;56,44;5051;90;2
27/09/2026;META_PROSPECCAO_BLENDS;250,37;17132;154;7
27/09/2026;META_REMARKETING;39,93;2633;23;1
27/09/2026;META_ASSINATURA_LEAD;74,95;6633;53;2
28/09/2026;META_PROSPECCAO_BLENDS;174,51;13689;216;2
28/09/2026;META_REMARKETING;24,16;1958;29;1
28/09/2026;META_ASSINATURA_LEAD;40,46;3572;41;1
29/09/2026;META_PROSPECCAO_BLENDS;216,86;12151;139;6
29/09/2026;META_REMARKETING;43,20;2550;34;1
29/09/2026;META_ASSINATURA_LEAD;72,35;6349;54;1
30/09/2026;META_PROSPECCAO_BLENDS;305,93;19814;251;4
30/09/2026;META_REMARKETING;49,34;2773;49;1
30/09/2026;META_ASSINATURA_LEAD;69,46;4873;68;1
